{
  "R@1": 0.6666666666666667,
  "R@5": 4.0,
  "R@10": 7.333333333333333,
  "R@1%": 0.6666666666666667,
  "num_queries": 150,
  "num_gallery": 150
}